Dataset	Sample	Stage	DukeStage	OverallSurvivalTime	OverallSurvivalEvent	DFSurvivalTime	DFSurvivalEvent	AdjuvantChemo	Age	KRASMutationStatus	TP53MutationStatus	BRAFMutationStatus	Sex	PrimarySite	Batch	BatchMod	SampleFile
GSE17536	GSM437093	1		142.55	no death	142.55	no recurrence		73				male				H:/shengquanhu/projects/chenxi/20150223_chenxi_GEO_colon/datasets/GSE17536/GSM437093.CEL
GSE17536	GSM437094	1		122.72	no death	122.72	no recurrence		63				male				H:/shengquanhu/projects/chenxi/20150223_chenxi_GEO_colon/datasets/GSE17536/GSM437094.CEL
GSE17536	GSM437095	1		28.96	death	28.96	no recurrence		51				male				H:/shengquanhu/projects/chenxi/20150223_chenxi_GEO_colon/datasets/GSE17536/GSM437095.CEL
GSE17536	GSM437096	1		119.21	no death	119.21	no recurrence		56				female				H:/shengquanhu/projects/chenxi/20150223_chenxi_GEO_colon/datasets/GSE17536/GSM437096.CEL
GSE17536	GSM437097	1		59.53	no death	59.53	no recurrence		50				male				H:/shengquanhu/projects/chenxi/20150223_chenxi_GEO_colon/datasets/GSE17536/GSM437097.CEL
GSE17536	GSM437098	1		68.81	death	27.02	recurrence		63				female				H:/shengquanhu/projects/chenxi/20150223_chenxi_GEO_colon/datasets/GSE17536/GSM437098.CEL
GSE17536	GSM437099	1		82.29	no death	82.29	no recurrence		66				male				H:/shengquanhu/projects/chenxi/20150223_chenxi_GEO_colon/datasets/GSE17536/GSM437099.CEL
GSE17536	GSM437100	1		110.82	no death	109.21	no recurrence		63				male				H:/shengquanhu/projects/chenxi/20150223_chenxi_GEO_colon/datasets/GSE17536/GSM437100.CEL
GSE17536	GSM437101	1		65.88	death	65.88	no recurrence		88				male				H:/shengquanhu/projects/chenxi/20150223_chenxi_GEO_colon/datasets/GSE17536/GSM437101.CEL
GSE17536	GSM437102	1		84.13	no death	84.13	no recurrence		66				male				H:/shengquanhu/projects/chenxi/20150223_chenxi_GEO_colon/datasets/GSE17536/GSM437102.CEL
GSE17536	GSM437103	1		16.47	death	16.47	no recurrence		80				female				H:/shengquanhu/projects/chenxi/20150223_chenxi_GEO_colon/datasets/GSE17536/GSM437103.CEL
GSE17536	GSM437104	1		89.75	no death	83.6	no recurrence		62				male				H:/shengquanhu/projects/chenxi/20150223_chenxi_GEO_colon/datasets/GSE17536/GSM437104.CEL
GSE17536	GSM437105	1		76.07	no death	76.07	no recurrence		82				male				H:/shengquanhu/projects/chenxi/20150223_chenxi_GEO_colon/datasets/GSE17536/GSM437105.CEL
GSE17536	GSM437106	1		67.82	no death	67.82	no recurrence		78				female				H:/shengquanhu/projects/chenxi/20150223_chenxi_GEO_colon/datasets/GSE17536/GSM437106.CEL
GSE17536	GSM437107	1		52.24	no death	52.24	no recurrence		76				male				H:/shengquanhu/projects/chenxi/20150223_chenxi_GEO_colon/datasets/GSE17536/GSM437107.CEL
GSE17536	GSM437108	1		64.1	no death	64.1	no recurrence		87				female				H:/shengquanhu/projects/chenxi/20150223_chenxi_GEO_colon/datasets/GSE17536/GSM437108.CEL
GSE17536	GSM437109	1		55.13	no death	55.13	no recurrence		74				female				H:/shengquanhu/projects/chenxi/20150223_chenxi_GEO_colon/datasets/GSE17536/GSM437109.CEL
GSE17536	GSM437110	1		57.79	no death	57.79	no recurrence		55				male				H:/shengquanhu/projects/chenxi/20150223_chenxi_GEO_colon/datasets/GSE17536/GSM437110.CEL
GSE17536	GSM437111	1		50.1	no death	50.1	no recurrence		71				male				H:/shengquanhu/projects/chenxi/20150223_chenxi_GEO_colon/datasets/GSE17536/GSM437111.CEL
GSE17536	GSM437112	1		43.79	no death	43.79	no recurrence		86				female				H:/shengquanhu/projects/chenxi/20150223_chenxi_GEO_colon/datasets/GSE17536/GSM437112.CEL
GSE17536	GSM437113	1		30.27	no death	19.75	no recurrence		58				male				H:/shengquanhu/projects/chenxi/20150223_chenxi_GEO_colon/datasets/GSE17536/GSM437113.CEL
GSE17536	GSM437114	1		3.64	no death	3.64	no recurrence		78				male				H:/shengquanhu/projects/chenxi/20150223_chenxi_GEO_colon/datasets/GSE17536/GSM437114.CEL
GSE17536	GSM437115	1		36.59	no death	23.96	no recurrence		57				male				H:/shengquanhu/projects/chenxi/20150223_chenxi_GEO_colon/datasets/GSE17536/GSM437115.CEL
GSE17536	GSM437116	1		20.02	no death	20.02	no recurrence		81				male				H:/shengquanhu/projects/chenxi/20150223_chenxi_GEO_colon/datasets/GSE17536/GSM437116.CEL
GSE17536	GSM437117	2		118.58	no death	118.58	no recurrence		74				female				H:/shengquanhu/projects/chenxi/20150223_chenxi_GEO_colon/datasets/GSE17536/GSM437117.CEL
GSE17536	GSM437118	2		55.33	no death	55.33	no recurrence		77				female				H:/shengquanhu/projects/chenxi/20150223_chenxi_GEO_colon/datasets/GSE17536/GSM437118.CEL
GSE17536	GSM437119	2		134.86	death	93.66	recurrence		41				male				H:/shengquanhu/projects/chenxi/20150223_chenxi_GEO_colon/datasets/GSE17536/GSM437119.CEL
GSE17536	GSM437120	2		127.29	no death	110.79	no recurrence		43				female				H:/shengquanhu/projects/chenxi/20150223_chenxi_GEO_colon/datasets/GSE17536/GSM437120.CEL
GSE17536	GSM437121	2		120.62	no death	27.64	recurrence		51				female				H:/shengquanhu/projects/chenxi/20150223_chenxi_GEO_colon/datasets/GSE17536/GSM437121.CEL
GSE17536	GSM437122	2		106.94	no death	106.94	no recurrence		70				male				H:/shengquanhu/projects/chenxi/20150223_chenxi_GEO_colon/datasets/GSE17536/GSM437122.CEL
GSE17536	GSM437123	2		11.7	death	0	NA		78				female				H:/shengquanhu/projects/chenxi/20150223_chenxi_GEO_colon/datasets/GSE17536/GSM437123.CEL
GSE17536	GSM437124	2		28.79	death	19.36	recurrence		80				male				H:/shengquanhu/projects/chenxi/20150223_chenxi_GEO_colon/datasets/GSE17536/GSM437124.CEL
GSE17536	GSM437125	2		26.82	death	26.82	no recurrence		66				male				H:/shengquanhu/projects/chenxi/20150223_chenxi_GEO_colon/datasets/GSE17536/GSM437125.CEL
GSE17536	GSM437126	2		52.5	death	52.5	no recurrence		76				female				H:/shengquanhu/projects/chenxi/20150223_chenxi_GEO_colon/datasets/GSE17536/GSM437126.CEL
GSE17536	GSM437127	2		24.03	death	9.05	recurrence		58				female				H:/shengquanhu/projects/chenxi/20150223_chenxi_GEO_colon/datasets/GSE17536/GSM437127.CEL
GSE17536	GSM437128	2		88.99	no death	88.99	no recurrence		74				male				H:/shengquanhu/projects/chenxi/20150223_chenxi_GEO_colon/datasets/GSE17536/GSM437128.CEL
GSE17536	GSM437129	2		102.44	no death	64.86	no recurrence		49				male				H:/shengquanhu/projects/chenxi/20150223_chenxi_GEO_colon/datasets/GSE17536/GSM437129.CEL
GSE17536	GSM437130	2		33.73	death	14.13	recurrence		54				female				H:/shengquanhu/projects/chenxi/20150223_chenxi_GEO_colon/datasets/GSE17536/GSM437130.CEL
GSE17536	GSM437131	2		85.28	no death	85.28	no recurrence		71				female				H:/shengquanhu/projects/chenxi/20150223_chenxi_GEO_colon/datasets/GSE17536/GSM437131.CEL
GSE17536	GSM437132	2		26.53	no death	26.53	no recurrence		79				female				H:/shengquanhu/projects/chenxi/20150223_chenxi_GEO_colon/datasets/GSE17536/GSM437132.CEL
GSE17536	GSM437133	2		37.31	death	37.31	recurrence		75				female				H:/shengquanhu/projects/chenxi/20150223_chenxi_GEO_colon/datasets/GSE17536/GSM437133.CEL
GSE17536	GSM437134	2		86.43	no death	86.43	no recurrence		74				female				H:/shengquanhu/projects/chenxi/20150223_chenxi_GEO_colon/datasets/GSE17536/GSM437134.CEL
GSE17536	GSM437135	2		55.92	no death	55.92	no recurrence		74				female				H:/shengquanhu/projects/chenxi/20150223_chenxi_GEO_colon/datasets/GSE17536/GSM437135.CEL
GSE17536	GSM437136	2		70.65	no death	70.65	no recurrence		83				female				H:/shengquanhu/projects/chenxi/20150223_chenxi_GEO_colon/datasets/GSE17536/GSM437136.CEL
GSE17536	GSM437137	2		76.04	no death	76.04	no recurrence		73				male				H:/shengquanhu/projects/chenxi/20150223_chenxi_GEO_colon/datasets/GSE17536/GSM437137.CEL
GSE17536	GSM437138	2		79.13	no death	79.13	no recurrence		57				female				H:/shengquanhu/projects/chenxi/20150223_chenxi_GEO_colon/datasets/GSE17536/GSM437138.CEL
GSE17536	GSM437139	2		83.99	no death	22.38	recurrence		65				female				H:/shengquanhu/projects/chenxi/20150223_chenxi_GEO_colon/datasets/GSE17536/GSM437139.CEL
GSE17536	GSM437140	2		80.25	no death	80.25	no recurrence		86				female				H:/shengquanhu/projects/chenxi/20150223_chenxi_GEO_colon/datasets/GSE17536/GSM437140.CEL
GSE17536	GSM437141	2		40.6	no death	28.86	no recurrence		89				female				H:/shengquanhu/projects/chenxi/20150223_chenxi_GEO_colon/datasets/GSE17536/GSM437141.CEL
GSE17536	GSM437142	2		95.37	no death	25.21	recurrence		56				female				H:/shengquanhu/projects/chenxi/20150223_chenxi_GEO_colon/datasets/GSE17536/GSM437142.CEL
GSE17536	GSM437143	2		31.06	death	31.06	recurrence		86				female				H:/shengquanhu/projects/chenxi/20150223_chenxi_GEO_colon/datasets/GSE17536/GSM437143.CEL
GSE17536	GSM437144	2		37.31	death	37.31	no recurrence		71				male				H:/shengquanhu/projects/chenxi/20150223_chenxi_GEO_colon/datasets/GSE17536/GSM437144.CEL
GSE17536	GSM437145	2		22.02	death	22.02	recurrence		78				female				H:/shengquanhu/projects/chenxi/20150223_chenxi_GEO_colon/datasets/GSE17536/GSM437145.CEL
GSE17536	GSM437146	2		63.25	no death	63.25	no recurrence		76				male				H:/shengquanhu/projects/chenxi/20150223_chenxi_GEO_colon/datasets/GSE17536/GSM437146.CEL
GSE17536	GSM437147	2		34.09	no death	24.19	no recurrence		66				female				H:/shengquanhu/projects/chenxi/20150223_chenxi_GEO_colon/datasets/GSE17536/GSM437147.CEL
GSE17536	GSM437148	2		52.14	no death	52.14	no recurrence		65				female				H:/shengquanhu/projects/chenxi/20150223_chenxi_GEO_colon/datasets/GSE17536/GSM437148.CEL
GSE17536	GSM437149	2		66.04	no death	59.6	no recurrence		74				female				H:/shengquanhu/projects/chenxi/20150223_chenxi_GEO_colon/datasets/GSE17536/GSM437149.CEL
GSE17536	GSM437150	2		59.96	no death	59.96	no recurrence		67				male				H:/shengquanhu/projects/chenxi/20150223_chenxi_GEO_colon/datasets/GSE17536/GSM437150.CEL
GSE17536	GSM437151	2		47.86	no death	47.86	no recurrence		56				male				H:/shengquanhu/projects/chenxi/20150223_chenxi_GEO_colon/datasets/GSE17536/GSM437151.CEL
GSE17536	GSM437152	2		58.45	no death	46.71	no recurrence		48				female				H:/shengquanhu/projects/chenxi/20150223_chenxi_GEO_colon/datasets/GSE17536/GSM437152.CEL
GSE17536	GSM437153	2		45.99	no death	45.99	no recurrence		68				male				H:/shengquanhu/projects/chenxi/20150223_chenxi_GEO_colon/datasets/GSE17536/GSM437153.CEL
GSE17536	GSM437154	2		60.42	no death	49.84	no recurrence		71				male				H:/shengquanhu/projects/chenxi/20150223_chenxi_GEO_colon/datasets/GSE17536/GSM437154.CEL
GSE17536	GSM437155	2		37.67	no death	17.95	no recurrence		38				female				H:/shengquanhu/projects/chenxi/20150223_chenxi_GEO_colon/datasets/GSE17536/GSM437155.CEL
GSE17536	GSM437156	2		15.71	no death	15.71	no recurrence		73				male				H:/shengquanhu/projects/chenxi/20150223_chenxi_GEO_colon/datasets/GSE17536/GSM437156.CEL
GSE17536	GSM437157	2		39.25	no death	39.25	no recurrence		59				female				H:/shengquanhu/projects/chenxi/20150223_chenxi_GEO_colon/datasets/GSE17536/GSM437157.CEL
GSE17536	GSM437158	2		49.87	no death	36.75	no recurrence		76				female				H:/shengquanhu/projects/chenxi/20150223_chenxi_GEO_colon/datasets/GSE17536/GSM437158.CEL
GSE17536	GSM437159	2		25.24	no death	25.24	no recurrence		71				male				H:/shengquanhu/projects/chenxi/20150223_chenxi_GEO_colon/datasets/GSE17536/GSM437159.CEL
GSE17536	GSM437160	2		44.97	no death	44.97	no recurrence		58				male				H:/shengquanhu/projects/chenxi/20150223_chenxi_GEO_colon/datasets/GSE17536/GSM437160.CEL
GSE17536	GSM437161	2		35.9	no death	35.9	no recurrence		60				male				H:/shengquanhu/projects/chenxi/20150223_chenxi_GEO_colon/datasets/GSE17536/GSM437161.CEL
GSE17536	GSM437162	2		26.66	no death	26.66	no recurrence		71				male				H:/shengquanhu/projects/chenxi/20150223_chenxi_GEO_colon/datasets/GSE17536/GSM437162.CEL
GSE17536	GSM437163	2		36.78	no death	29.22	no recurrence		64				female				H:/shengquanhu/projects/chenxi/20150223_chenxi_GEO_colon/datasets/GSE17536/GSM437163.CEL
GSE17536	GSM437164	2		41.52	no death	28.63	no recurrence		84				female				H:/shengquanhu/projects/chenxi/20150223_chenxi_GEO_colon/datasets/GSE17536/GSM437164.CEL
GSE17536	GSM437165	2		22.22	no death	0	NA		87				female				H:/shengquanhu/projects/chenxi/20150223_chenxi_GEO_colon/datasets/GSE17536/GSM437165.CEL
GSE17536	GSM437166	2		33.2	no death	33.2	no recurrence		51				male				H:/shengquanhu/projects/chenxi/20150223_chenxi_GEO_colon/datasets/GSE17536/GSM437166.CEL
GSE17536	GSM437167	2		39.68	no death	33.69	no recurrence		69				male				H:/shengquanhu/projects/chenxi/20150223_chenxi_GEO_colon/datasets/GSE17536/GSM437167.CEL
GSE17536	GSM437168	2		25.61	no death	25.61	no recurrence		78				male				H:/shengquanhu/projects/chenxi/20150223_chenxi_GEO_colon/datasets/GSE17536/GSM437168.CEL
GSE17536	GSM437169	2		83.99	no death	22.38	recurrence		65				female				H:/shengquanhu/projects/chenxi/20150223_chenxi_GEO_colon/datasets/GSE17536/GSM437169.CEL
GSE17536	GSM437170	2		15.05	no death	15.05	no recurrence		54				male				H:/shengquanhu/projects/chenxi/20150223_chenxi_GEO_colon/datasets/GSE17536/GSM437170.CEL
GSE17536	GSM437171	2		8.38	no death	2.26	no recurrence		40				female				H:/shengquanhu/projects/chenxi/20150223_chenxi_GEO_colon/datasets/GSE17536/GSM437171.CEL
GSE17536	GSM437172	2		18.18	no death	18.18	no recurrence		68				male				H:/shengquanhu/projects/chenxi/20150223_chenxi_GEO_colon/datasets/GSE17536/GSM437172.CEL
GSE17536	GSM437173	2		27.15	death	27.15	no recurrence		52				female				H:/shengquanhu/projects/chenxi/20150223_chenxi_GEO_colon/datasets/GSE17536/GSM437173.CEL
GSE17536	GSM437174	3		24.26	death	11.9	recurrence		46				male				H:/shengquanhu/projects/chenxi/20150223_chenxi_GEO_colon/datasets/GSE17536/GSM437174.CEL
GSE17536	GSM437175	3		105.17	no death	105.17	no recurrence		39				male				H:/shengquanhu/projects/chenxi/20150223_chenxi_GEO_colon/datasets/GSE17536/GSM437175.CEL
GSE17536	GSM437176	3		11.76	death	8.21	recurrence		38				male				H:/shengquanhu/projects/chenxi/20150223_chenxi_GEO_colon/datasets/GSE17536/GSM437176.CEL
GSE17536	GSM437177	3		70.45	death	29.39	recurrence		26				male				H:/shengquanhu/projects/chenxi/20150223_chenxi_GEO_colon/datasets/GSE17536/GSM437177.CEL
GSE17536	GSM437178	3		95.07	no death	95.07	no recurrence		71				female				H:/shengquanhu/projects/chenxi/20150223_chenxi_GEO_colon/datasets/GSE17536/GSM437178.CEL
GSE17536	GSM437179	3		112.33	no death	112.33	no recurrence		64				female				H:/shengquanhu/projects/chenxi/20150223_chenxi_GEO_colon/datasets/GSE17536/GSM437179.CEL
GSE17536	GSM437180	3		27.51	death	21.27	recurrence		53				male				H:/shengquanhu/projects/chenxi/20150223_chenxi_GEO_colon/datasets/GSE17536/GSM437180.CEL
GSE17536	GSM437181	3		45.92	death	16.07	recurrence		53				female				H:/shengquanhu/projects/chenxi/20150223_chenxi_GEO_colon/datasets/GSE17536/GSM437181.CEL
GSE17536	GSM437182	3		54.04	death	27.74	recurrence		92				female				H:/shengquanhu/projects/chenxi/20150223_chenxi_GEO_colon/datasets/GSE17536/GSM437182.CEL
GSE17536	GSM437183	3		103.98	no death	14.72	recurrence		60				male				H:/shengquanhu/projects/chenxi/20150223_chenxi_GEO_colon/datasets/GSE17536/GSM437183.CEL
GSE17536	GSM437184	3		6.11	death	5.35	recurrence		74				male				H:/shengquanhu/projects/chenxi/20150223_chenxi_GEO_colon/datasets/GSE17536/GSM437184.CEL
GSE17536	GSM437185	3		99.51	no death	99.51	no recurrence		48				female				H:/shengquanhu/projects/chenxi/20150223_chenxi_GEO_colon/datasets/GSE17536/GSM437185.CEL
GSE17536	GSM437186	3		20.44	death	20.44	no recurrence		63				male				H:/shengquanhu/projects/chenxi/20150223_chenxi_GEO_colon/datasets/GSE17536/GSM437186.CEL
GSE17536	GSM437187	3		76.6	death	27.58	recurrence		58				male				H:/shengquanhu/projects/chenxi/20150223_chenxi_GEO_colon/datasets/GSE17536/GSM437187.CEL
GSE17536	GSM437188	3		10.02	death	9.56	recurrence		75				male				H:/shengquanhu/projects/chenxi/20150223_chenxi_GEO_colon/datasets/GSE17536/GSM437188.CEL
GSE17536	GSM437189	3		41.45	death	23.34	recurrence		63				male				H:/shengquanhu/projects/chenxi/20150223_chenxi_GEO_colon/datasets/GSE17536/GSM437189.CEL
GSE17536	GSM437190	3		96.26	no death	89.62	no recurrence		46				male				H:/shengquanhu/projects/chenxi/20150223_chenxi_GEO_colon/datasets/GSE17536/GSM437190.CEL
GSE17536	GSM437191	3		85.61	no death	85.61	no recurrence		71				female				H:/shengquanhu/projects/chenxi/20150223_chenxi_GEO_colon/datasets/GSE17536/GSM437191.CEL
GSE17536	GSM437192	3		78.87	no death	64.33	no recurrence		63				male				H:/shengquanhu/projects/chenxi/20150223_chenxi_GEO_colon/datasets/GSE17536/GSM437192.CEL
GSE17536	GSM437193	3		22.25	death	22.25	no recurrence		87				female				H:/shengquanhu/projects/chenxi/20150223_chenxi_GEO_colon/datasets/GSE17536/GSM437193.CEL
GSE17536	GSM437194	3		74.53	no death	74.53	no recurrence		63				male				H:/shengquanhu/projects/chenxi/20150223_chenxi_GEO_colon/datasets/GSE17536/GSM437194.CEL
GSE17536	GSM437195	3		59.07	death	59.07	no recurrence		87				male				H:/shengquanhu/projects/chenxi/20150223_chenxi_GEO_colon/datasets/GSE17536/GSM437195.CEL
GSE17536	GSM437196	3		47.8	death	47.8	no recurrence		30				male				H:/shengquanhu/projects/chenxi/20150223_chenxi_GEO_colon/datasets/GSE17536/GSM437196.CEL
GSE17536	GSM437197	3		5.68	death	3.32	recurrence		83				female				H:/shengquanhu/projects/chenxi/20150223_chenxi_GEO_colon/datasets/GSE17536/GSM437197.CEL
GSE17536	GSM437198	3		79.39	no death	72.09	no recurrence		55				male				H:/shengquanhu/projects/chenxi/20150223_chenxi_GEO_colon/datasets/GSE17536/GSM437198.CEL
GSE17536	GSM437199	3		74.07	no death	24.85	recurrence		66				male				H:/shengquanhu/projects/chenxi/20150223_chenxi_GEO_colon/datasets/GSE17536/GSM437199.CEL
GSE17536	GSM437200	3		50.76	death	41.06	recurrence		69				male				H:/shengquanhu/projects/chenxi/20150223_chenxi_GEO_colon/datasets/GSE17536/GSM437200.CEL
GSE17536	GSM437201	3		67.82	death	36.92	recurrence		64				female				H:/shengquanhu/projects/chenxi/20150223_chenxi_GEO_colon/datasets/GSE17536/GSM437201.CEL
GSE17536	GSM437202	3		70.84	no death	64.93	no recurrence		62				male				H:/shengquanhu/projects/chenxi/20150223_chenxi_GEO_colon/datasets/GSE17536/GSM437202.CEL
GSE17536	GSM437203	3		50.59	no death	50.59	no recurrence		67				female				H:/shengquanhu/projects/chenxi/20150223_chenxi_GEO_colon/datasets/GSE17536/GSM437203.CEL
GSE17536	GSM437204	3		34.58	death	0	NA		57				male				H:/shengquanhu/projects/chenxi/20150223_chenxi_GEO_colon/datasets/GSE17536/GSM437204.CEL
GSE17536	GSM437205	3		38.72	death	38.72	no recurrence		73				female				H:/shengquanhu/projects/chenxi/20150223_chenxi_GEO_colon/datasets/GSE17536/GSM437205.CEL
GSE17536	GSM437206	3		54.9	death	54.9	no recurrence		83				female				H:/shengquanhu/projects/chenxi/20150223_chenxi_GEO_colon/datasets/GSE17536/GSM437206.CEL
GSE17536	GSM437207	3		67.92	no death	65.55	no recurrence		65				female				H:/shengquanhu/projects/chenxi/20150223_chenxi_GEO_colon/datasets/GSE17536/GSM437207.CEL
GSE17536	GSM437208	3		58.45	no death	58.45	no recurrence		63				female				H:/shengquanhu/projects/chenxi/20150223_chenxi_GEO_colon/datasets/GSE17536/GSM437208.CEL
GSE17536	GSM437209	3		59.34	no death	59.34	no recurrence		69				male				H:/shengquanhu/projects/chenxi/20150223_chenxi_GEO_colon/datasets/GSE17536/GSM437209.CEL
GSE17536	GSM437210	3		54.54	no death	26.92	no recurrence		71				female				H:/shengquanhu/projects/chenxi/20150223_chenxi_GEO_colon/datasets/GSE17536/GSM437210.CEL
GSE17536	GSM437211	3		19.03	death	8.58	recurrence		51				female				H:/shengquanhu/projects/chenxi/20150223_chenxi_GEO_colon/datasets/GSE17536/GSM437211.CEL
GSE17536	GSM437212	3		26.26	death	26.26	no recurrence		78				female				H:/shengquanhu/projects/chenxi/20150223_chenxi_GEO_colon/datasets/GSE17536/GSM437212.CEL
GSE17536	GSM437213	3		52.86	no death	52.86	no recurrence		72				male				H:/shengquanhu/projects/chenxi/20150223_chenxi_GEO_colon/datasets/GSE17536/GSM437213.CEL
GSE17536	GSM437214	3		32.05	death	21.04	recurrence		46				male				H:/shengquanhu/projects/chenxi/20150223_chenxi_GEO_colon/datasets/GSE17536/GSM437214.CEL
GSE17536	GSM437215	3		55.95	no death	44.67	no recurrence		67				male				H:/shengquanhu/projects/chenxi/20150223_chenxi_GEO_colon/datasets/GSE17536/GSM437215.CEL
GSE17536	GSM437216	3		56.67	no death	36.92	no recurrence		67				male				H:/shengquanhu/projects/chenxi/20150223_chenxi_GEO_colon/datasets/GSE17536/GSM437216.CEL
GSE17536	GSM437217	3		50.43	no death	50.43	no recurrence		26				male				H:/shengquanhu/projects/chenxi/20150223_chenxi_GEO_colon/datasets/GSE17536/GSM437217.CEL
GSE17536	GSM437218	3		4.24	death	4.24	no recurrence		78				female				H:/shengquanhu/projects/chenxi/20150223_chenxi_GEO_colon/datasets/GSE17536/GSM437218.CEL
GSE17536	GSM437219	3		49.11	no death	49.11	no recurrence		71				female				H:/shengquanhu/projects/chenxi/20150223_chenxi_GEO_colon/datasets/GSE17536/GSM437219.CEL
GSE17536	GSM437220	3		49.57	no death	38.07	no recurrence		60				female				H:/shengquanhu/projects/chenxi/20150223_chenxi_GEO_colon/datasets/GSE17536/GSM437220.CEL
GSE17536	GSM437221	3		50.49	no death	44.74	no recurrence		46				male				H:/shengquanhu/projects/chenxi/20150223_chenxi_GEO_colon/datasets/GSE17536/GSM437221.CEL
GSE17536	GSM437222	3		63.05	no death	34.19	recurrence		41				male				H:/shengquanhu/projects/chenxi/20150223_chenxi_GEO_colon/datasets/GSE17536/GSM437222.CEL
GSE17536	GSM437223	3		49.24	death	24.13	recurrence		75				female				H:/shengquanhu/projects/chenxi/20150223_chenxi_GEO_colon/datasets/GSE17536/GSM437223.CEL
GSE17536	GSM437224	3		0.92	no death	0.92	no recurrence		54				male				H:/shengquanhu/projects/chenxi/20150223_chenxi_GEO_colon/datasets/GSE17536/GSM437224.CEL
GSE17536	GSM437225	3		31.36	no death	31.36	no recurrence		78				female				H:/shengquanhu/projects/chenxi/20150223_chenxi_GEO_colon/datasets/GSE17536/GSM437225.CEL
GSE17536	GSM437226	3		40.3	no death	18.96	no recurrence		61				female				H:/shengquanhu/projects/chenxi/20150223_chenxi_GEO_colon/datasets/GSE17536/GSM437226.CEL
GSE17536	GSM437227	3		116.64	no death	85.84	recurrence		74				male				H:/shengquanhu/projects/chenxi/20150223_chenxi_GEO_colon/datasets/GSE17536/GSM437227.CEL
GSE17536	GSM437228	3		31.92	no death	31.92	no recurrence		79				female				H:/shengquanhu/projects/chenxi/20150223_chenxi_GEO_colon/datasets/GSE17536/GSM437228.CEL
GSE17536	GSM437229	3		19.98	no death	19.98	no recurrence		81				female				H:/shengquanhu/projects/chenxi/20150223_chenxi_GEO_colon/datasets/GSE17536/GSM437229.CEL
GSE17536	GSM437230	3		24.62	no death	5.22	no recurrence		62				female				H:/shengquanhu/projects/chenxi/20150223_chenxi_GEO_colon/datasets/GSE17536/GSM437230.CEL
GSE17536	GSM437231	4		18.54	death	0	NA		64				male				H:/shengquanhu/projects/chenxi/20150223_chenxi_GEO_colon/datasets/GSE17536/GSM437231.CEL
GSE17536	GSM437232	4		130.75	no death	117.3	no recurrence		72				female				H:/shengquanhu/projects/chenxi/20150223_chenxi_GEO_colon/datasets/GSE17536/GSM437232.CEL
GSE17536	GSM437233	4		17.62	death	0	NA		59				female				H:/shengquanhu/projects/chenxi/20150223_chenxi_GEO_colon/datasets/GSE17536/GSM437233.CEL
GSE17536	GSM437234	4		5.32	death	0	NA		46				male				H:/shengquanhu/projects/chenxi/20150223_chenxi_GEO_colon/datasets/GSE17536/GSM437234.CEL
GSE17536	GSM437235	4		2.36	death	0	NA		69				male				H:/shengquanhu/projects/chenxi/20150223_chenxi_GEO_colon/datasets/GSE17536/GSM437235.CEL
GSE17536	GSM437236	4		5.72	death	0	NA		73				male				H:/shengquanhu/projects/chenxi/20150223_chenxi_GEO_colon/datasets/GSE17536/GSM437236.CEL
GSE17536	GSM437237	4		15.28	death	0	NA		66				male				H:/shengquanhu/projects/chenxi/20150223_chenxi_GEO_colon/datasets/GSE17536/GSM437237.CEL
GSE17536	GSM437238	4		95.07	no death	82.61	no recurrence		54				male				H:/shengquanhu/projects/chenxi/20150223_chenxi_GEO_colon/datasets/GSE17536/GSM437238.CEL
GSE17536	GSM437239	4		4.96	death	0	NA		88				male				H:/shengquanhu/projects/chenxi/20150223_chenxi_GEO_colon/datasets/GSE17536/GSM437239.CEL
GSE17536	GSM437240	4		28.89	death	0	NA		58				male				H:/shengquanhu/projects/chenxi/20150223_chenxi_GEO_colon/datasets/GSE17536/GSM437240.CEL
GSE17536	GSM437241	4		3.25	death	0	NA		82				female				H:/shengquanhu/projects/chenxi/20150223_chenxi_GEO_colon/datasets/GSE17536/GSM437241.CEL
GSE17536	GSM437242	4		0.92	death	0	NA		58				female				H:/shengquanhu/projects/chenxi/20150223_chenxi_GEO_colon/datasets/GSE17536/GSM437242.CEL
GSE17536	GSM437243	4		18.77	death	10.61	recurrence		69				male				H:/shengquanhu/projects/chenxi/20150223_chenxi_GEO_colon/datasets/GSE17536/GSM437243.CEL
GSE17536	GSM437244	4		57.73	death	0	NA		51				male				H:/shengquanhu/projects/chenxi/20150223_chenxi_GEO_colon/datasets/GSE17536/GSM437244.CEL
GSE17536	GSM437245	4		14.39	death	0	NA		70				female				H:/shengquanhu/projects/chenxi/20150223_chenxi_GEO_colon/datasets/GSE17536/GSM437245.CEL
GSE17536	GSM437246	4		5.12	death	0	NA		82				female				H:/shengquanhu/projects/chenxi/20150223_chenxi_GEO_colon/datasets/GSE17536/GSM437246.CEL
GSE17536	GSM437247	4		4.99	death	0	NA		60				male				H:/shengquanhu/projects/chenxi/20150223_chenxi_GEO_colon/datasets/GSE17536/GSM437247.CEL
GSE17536	GSM437248	4		33.17	death	24.88	recurrence		52				male				H:/shengquanhu/projects/chenxi/20150223_chenxi_GEO_colon/datasets/GSE17536/GSM437248.CEL
GSE17536	GSM437249	4		50.53	death	50.53	no recurrence		59				male				H:/shengquanhu/projects/chenxi/20150223_chenxi_GEO_colon/datasets/GSE17536/GSM437249.CEL
GSE17536	GSM437250	4		5.72	death	0	NA		56				male				H:/shengquanhu/projects/chenxi/20150223_chenxi_GEO_colon/datasets/GSE17536/GSM437250.CEL
GSE17536	GSM437251	4		8.02	death	0	NA		63				male				H:/shengquanhu/projects/chenxi/20150223_chenxi_GEO_colon/datasets/GSE17536/GSM437251.CEL
GSE17536	GSM437252	4		34.02	death	0	NA		65				female				H:/shengquanhu/projects/chenxi/20150223_chenxi_GEO_colon/datasets/GSE17536/GSM437252.CEL
GSE17536	GSM437253	4		1.44	death	0	NA		54				male				H:/shengquanhu/projects/chenxi/20150223_chenxi_GEO_colon/datasets/GSE17536/GSM437253.CEL
GSE17536	GSM437254	4		36.95	death	0	NA		76				male				H:/shengquanhu/projects/chenxi/20150223_chenxi_GEO_colon/datasets/GSE17536/GSM437254.CEL
GSE17536	GSM437255	4		60.75	no death	55.19	no recurrence		58				female				H:/shengquanhu/projects/chenxi/20150223_chenxi_GEO_colon/datasets/GSE17536/GSM437255.CEL
GSE17536	GSM437256	4		37.44	death	0	NA		69				female				H:/shengquanhu/projects/chenxi/20150223_chenxi_GEO_colon/datasets/GSE17536/GSM437256.CEL
GSE17536	GSM437257	4		23.07	death	0	NA		42				female				H:/shengquanhu/projects/chenxi/20150223_chenxi_GEO_colon/datasets/GSE17536/GSM437257.CEL
GSE17536	GSM437258	4		19.85	death	0	NA		78				female				H:/shengquanhu/projects/chenxi/20150223_chenxi_GEO_colon/datasets/GSE17536/GSM437258.CEL
GSE17536	GSM437259	4		31.85	no death	0	NA		51				male				H:/shengquanhu/projects/chenxi/20150223_chenxi_GEO_colon/datasets/GSE17536/GSM437259.CEL
GSE17536	GSM437260	4		8.61	death	0	NA		63				male				H:/shengquanhu/projects/chenxi/20150223_chenxi_GEO_colon/datasets/GSE17536/GSM437260.CEL
GSE17536	GSM437261	4		42.27	no death	13.08	recurrence		66				male				H:/shengquanhu/projects/chenxi/20150223_chenxi_GEO_colon/datasets/GSE17536/GSM437261.CEL
GSE17536	GSM437262	4		15.25	death	0	NA		73				male				H:/shengquanhu/projects/chenxi/20150223_chenxi_GEO_colon/datasets/GSE17536/GSM437262.CEL
GSE17536	GSM437263	4		14.56	death	0	NA		62				male				H:/shengquanhu/projects/chenxi/20150223_chenxi_GEO_colon/datasets/GSE17536/GSM437263.CEL
GSE17536	GSM437264	4		9.96	death	9.96	no recurrence		82				female				H:/shengquanhu/projects/chenxi/20150223_chenxi_GEO_colon/datasets/GSE17536/GSM437264.CEL
GSE17536	GSM437265	4		8.94	death	8.94	no recurrence		76				male				H:/shengquanhu/projects/chenxi/20150223_chenxi_GEO_colon/datasets/GSE17536/GSM437265.CEL
GSE17536	GSM437266	4		32.67	no death	17.32	recurrence		78				female				H:/shengquanhu/projects/chenxi/20150223_chenxi_GEO_colon/datasets/GSE17536/GSM437266.CEL
GSE17536	GSM437267	4		2.07	death	0	NA		66				female				H:/shengquanhu/projects/chenxi/20150223_chenxi_GEO_colon/datasets/GSE17536/GSM437267.CEL
GSE17536	GSM437268	4		22.78	death	0	NA		68				male				H:/shengquanhu/projects/chenxi/20150223_chenxi_GEO_colon/datasets/GSE17536/GSM437268.CEL
GSE17536	GSM437269	4		22.35	no death	0	NA		47				male				H:/shengquanhu/projects/chenxi/20150223_chenxi_GEO_colon/datasets/GSE17536/GSM437269.CEL
