Dataset	Sample	Stage	DukeStage	OverallSurvivalTime	OverallSurvivalEvent	DFSurvivalTime	DFSurvivalEvent	AdjuvantChemo	Age	KRASMutationStatus	TP53MutationStatus	BRAFMutationStatus	Sex	PrimarySite	Batch	BatchMod	SampleFile
GSE17537	GSM437270	2		54.0493150684932	no death	54.0493150684932	no recurrence		70				female				H:/shengquanhu/projects/chenxi/20150223_chenxi_GEO_colon/datasets/GSE17537/GSM437270.CEL
GSE17537	GSM437271	3		63.9123287671233	no death	63.9123287671233	no recurrence		48				female				H:/shengquanhu/projects/chenxi/20150223_chenxi_GEO_colon/datasets/GSE17537/GSM437271.CEL
GSE17537	GSM437272	2		46.2904109589041	death	46.2904109589041	no recurrence		72				male				H:/shengquanhu/projects/chenxi/20150223_chenxi_GEO_colon/datasets/GSE17537/GSM437272.CEL
GSE17537	GSM437273	3		60.0328767123288	no death	60.0328767123288	no recurrence		61				female				H:/shengquanhu/projects/chenxi/20150223_chenxi_GEO_colon/datasets/GSE17537/GSM437273.CEL
GSE17537	GSM437274	3		48.2630136986301	death	41.5890411	recurrence		56				male				H:/shengquanhu/projects/chenxi/20150223_chenxi_GEO_colon/datasets/GSE17537/GSM437274.CEL
GSE17537	GSM437275	3		60.0328767123288	no death	60.0328767123288	no recurrence		57				female				H:/shengquanhu/projects/chenxi/20150223_chenxi_GEO_colon/datasets/GSE17537/GSM437275.CEL
GSE17537	GSM437276	3		60.558904109589	no death	60.230137	recurrence		74				female				H:/shengquanhu/projects/chenxi/20150223_chenxi_GEO_colon/datasets/GSE17537/GSM437276.CEL
GSE17537	GSM437277	3		57.0739726027397	no death	57.0739726027397	no recurrence		52				male				H:/shengquanhu/projects/chenxi/20150223_chenxi_GEO_colon/datasets/GSE17537/GSM437277.CEL
GSE17537	GSM437278	2		55.8575342465753	no death	55.8575342465753	no recurrence		70				female				H:/shengquanhu/projects/chenxi/20150223_chenxi_GEO_colon/datasets/GSE17537/GSM437278.CEL
GSE17537	GSM437279	1		64.8657534246575	no death	64.8657534246575	no recurrence		55				male				H:/shengquanhu/projects/chenxi/20150223_chenxi_GEO_colon/datasets/GSE17537/GSM437279.CEL
GSE17537	GSM437280	3		54.7397260273973	no death	54.7397260273973	no recurrence		84				male				H:/shengquanhu/projects/chenxi/20150223_chenxi_GEO_colon/datasets/GSE17537/GSM437280.CEL
GSE17537	GSM437281	2		57.9616438356164	no death	57.9616438356164	no recurrence		59				male				H:/shengquanhu/projects/chenxi/20150223_chenxi_GEO_colon/datasets/GSE17537/GSM437281.CEL
GSE17537	GSM437282	3		57.2383561643836	no death	57.2383561643836	no recurrence		49				male				H:/shengquanhu/projects/chenxi/20150223_chenxi_GEO_colon/datasets/GSE17537/GSM437282.CEL
GSE17537	GSM437283	1		59.7698630136986	no death	59.7698630136986	no recurrence		66				female				H:/shengquanhu/projects/chenxi/20150223_chenxi_GEO_colon/datasets/GSE17537/GSM437283.CEL
GSE17537	GSM437284	1		62.4	no death	62.4	no recurrence		55				male				H:/shengquanhu/projects/chenxi/20150223_chenxi_GEO_colon/datasets/GSE17537/GSM437284.CEL
GSE17537	GSM437285	1		54.5095890410959	no death	54.5095890410959	no recurrence		81				female				H:/shengquanhu/projects/chenxi/20150223_chenxi_GEO_colon/datasets/GSE17537/GSM437285.CEL
GSE17537	GSM437286	4		3.61643835616438	death	0	recurrence		23				female				H:/shengquanhu/projects/chenxi/20150223_chenxi_GEO_colon/datasets/GSE17537/GSM437286.CEL
GSE17537	GSM437287	2		49.4465753424658	no death	1.80821917808219	no recurrence		69				male				H:/shengquanhu/projects/chenxi/20150223_chenxi_GEO_colon/datasets/GSE17537/GSM437287.CEL
GSE17537	GSM437288	2		64.1753424657534	no death	2.95890410958904	no recurrence		63				male				H:/shengquanhu/projects/chenxi/20150223_chenxi_GEO_colon/datasets/GSE17537/GSM437288.CEL
GSE17537	GSM437289	3		50.2027397260274	no death	0.493150684931507	no recurrence		47				male				H:/shengquanhu/projects/chenxi/20150223_chenxi_GEO_colon/datasets/GSE17537/GSM437289.CEL
GSE17537	GSM437290	4		30.8383561643836	death	29.3917808219178	recurrence		62				male				H:/shengquanhu/projects/chenxi/20150223_chenxi_GEO_colon/datasets/GSE17537/GSM437290.CEL
GSE17537	GSM437291	2		58.2575342465753	no death	54.2794520547945	no recurrence		72				male				H:/shengquanhu/projects/chenxi/20150223_chenxi_GEO_colon/datasets/GSE17537/GSM437291.CEL
GSE17537	GSM437292	4		40.9972602739726	death	34.9479452054794	recurrence		88				female				H:/shengquanhu/projects/chenxi/20150223_chenxi_GEO_colon/datasets/GSE17537/GSM437292.CEL
GSE17537	GSM437293	4		8.15342465753425	death	0	recurrence		29				female				H:/shengquanhu/projects/chenxi/20150223_chenxi_GEO_colon/datasets/GSE17537/GSM437293.CEL
GSE17537	GSM437294	3		52.1095890410959	no death	46.0931506849315	no recurrence		74				female				H:/shengquanhu/projects/chenxi/20150223_chenxi_GEO_colon/datasets/GSE17537/GSM437294.CEL
GSE17537	GSM437295	4		5.22739726027397	death	0	recurrence		49				male				H:/shengquanhu/projects/chenxi/20150223_chenxi_GEO_colon/datasets/GSE17537/GSM437295.CEL
GSE17537	GSM437296	3		111.484931506849	no death	45.4356164383562	no recurrence		51				female				H:/shengquanhu/projects/chenxi/20150223_chenxi_GEO_colon/datasets/GSE17537/GSM437296.CEL
GSE17537	GSM437297	3		7.82465753424658	death	7.82465753424658	no recurrence		78				female				H:/shengquanhu/projects/chenxi/20150223_chenxi_GEO_colon/datasets/GSE17537/GSM437297.CEL
GSE17537	GSM437298	2		68.613698630137	no death	63.945205479452	no recurrence		67				male				H:/shengquanhu/projects/chenxi/20150223_chenxi_GEO_colon/datasets/GSE17537/GSM437298.CEL
GSE17537	GSM437299	2		68.054794520548	no death	68.054794520548	no recurrence		72				male				H:/shengquanhu/projects/chenxi/20150223_chenxi_GEO_colon/datasets/GSE17537/GSM437299.CEL
GSE17537	GSM437300	3		50.1369863013699	no death	50.1369863013699	no recurrence		61				male				H:/shengquanhu/projects/chenxi/20150223_chenxi_GEO_colon/datasets/GSE17537/GSM437300.CEL
GSE17537	GSM437301	4		70.8493150684932	no death	18.0493150684932	recurrence		42				male				H:/shengquanhu/projects/chenxi/20150223_chenxi_GEO_colon/datasets/GSE17537/GSM437301.CEL
GSE17537	GSM437302	4		74.3013698630137	no death	0	recurrence		57				female				H:/shengquanhu/projects/chenxi/20150223_chenxi_GEO_colon/datasets/GSE17537/GSM437302.CEL
GSE17537	GSM437303	3		46.4547945205479	no death	46.4547945205479	no recurrence		51				male				H:/shengquanhu/projects/chenxi/20150223_chenxi_GEO_colon/datasets/GSE17537/GSM437303.CEL
GSE17537	GSM437304	4		76.7671232876712	no death	76.7671232876712	no recurrence		54				female				H:/shengquanhu/projects/chenxi/20150223_chenxi_GEO_colon/datasets/GSE17537/GSM437304.CEL
GSE17537	GSM437305	4		23.4082191780822	death	0	recurrence		65				male				H:/shengquanhu/projects/chenxi/20150223_chenxi_GEO_colon/datasets/GSE17537/GSM437305.CEL
GSE17537	GSM437306	2		21.6328767123288	death	21.6328767123288	no recurrence		75				male				H:/shengquanhu/projects/chenxi/20150223_chenxi_GEO_colon/datasets/GSE17537/GSM437306.CEL
GSE17537	GSM437307	2		33.1068493150685	death	33.1068493150685	no recurrence		94				female				H:/shengquanhu/projects/chenxi/20150223_chenxi_GEO_colon/datasets/GSE17537/GSM437307.CEL
GSE17537	GSM437308	4		69.172602739726	no death	0	recurrence		78				female				H:/shengquanhu/projects/chenxi/20150223_chenxi_GEO_colon/datasets/GSE17537/GSM437308.CEL
GSE17537	GSM437309	3		46.9808219178082	no death	46.9808219178082	no recurrence		63				female				H:/shengquanhu/projects/chenxi/20150223_chenxi_GEO_colon/datasets/GSE17537/GSM437309.CEL
GSE17537	GSM437310	2		53.2602739726027	no death	5.32602739726027	no recurrence		57				female				H:/shengquanhu/projects/chenxi/20150223_chenxi_GEO_colon/datasets/GSE17537/GSM437310.CEL
GSE17537	GSM437311	3		54.1808219178082	no death	49.7753424657534	no recurrence		56				female				H:/shengquanhu/projects/chenxi/20150223_chenxi_GEO_colon/datasets/GSE17537/GSM437311.CEL
GSE17537	GSM437312	3		40.6684931506849	no death	40.6684931506849	no recurrence		47				male				H:/shengquanhu/projects/chenxi/20150223_chenxi_GEO_colon/datasets/GSE17537/GSM437312.CEL
GSE17537	GSM437313	2		40.7342465753425	no death	40.7342465753425	no recurrence		51				male				H:/shengquanhu/projects/chenxi/20150223_chenxi_GEO_colon/datasets/GSE17537/GSM437313.CEL
GSE17537	GSM437314	3		13.841095890411	death	3.87945205479452	recurrence		80				female				H:/shengquanhu/projects/chenxi/20150223_chenxi_GEO_colon/datasets/GSE17537/GSM437314.CEL
GSE17537	GSM437315	3		70.454794520548	no death	70.454794520548	no recurrence		54				female				H:/shengquanhu/projects/chenxi/20150223_chenxi_GEO_colon/datasets/GSE17537/GSM437315.CEL
GSE17537	GSM437316	4		36	death	0	recurrence		70				female				H:/shengquanhu/projects/chenxi/20150223_chenxi_GEO_colon/datasets/GSE17537/GSM437316.CEL
GSE17537	GSM437317	4		1.54520547945205	death	0	recurrence		77				female				H:/shengquanhu/projects/chenxi/20150223_chenxi_GEO_colon/datasets/GSE17537/GSM437317.CEL
GSE17537	GSM437318	4		17.6547945205479	death	0	recurrence		56				male				H:/shengquanhu/projects/chenxi/20150223_chenxi_GEO_colon/datasets/GSE17537/GSM437318.CEL
GSE17537	GSM437319	4		12.6575342465753	death	0	recurrence		38				female				H:/shengquanhu/projects/chenxi/20150223_chenxi_GEO_colon/datasets/GSE17537/GSM437319.CEL
GSE17537	GSM437320	4		6.9041095890411	death	0	recurrence		64				female				H:/shengquanhu/projects/chenxi/20150223_chenxi_GEO_colon/datasets/GSE17537/GSM437320.CEL
GSE17537	GSM437321	4		32.5150684931507	death	0	recurrence		62				female				H:/shengquanhu/projects/chenxi/20150223_chenxi_GEO_colon/datasets/GSE17537/GSM437321.CEL
GSE17537	GSM437322	4		16.1424657534247	death	0	recurrence		60				female				H:/shengquanhu/projects/chenxi/20150223_chenxi_GEO_colon/datasets/GSE17537/GSM437322.CEL
GSE17537	GSM437323	2		0.427397260273973	death	0.427397260273973	no recurrence		93				male				H:/shengquanhu/projects/chenxi/20150223_chenxi_GEO_colon/datasets/GSE17537/GSM437323.CEL
GSE17537	GSM437324	2		41.4246575342466	no death	41.4246575342466	no recurrence		69				male				H:/shengquanhu/projects/chenxi/20150223_chenxi_GEO_colon/datasets/GSE17537/GSM437324.CEL
